site_id,first_risk_probability,latest_risk_probability,risk_probability_change,average_risk_probability,maximum_risk_probability,high_risk_periods,anomaly_periods,critical_periods,latest_priority,trend_slope,trend_status,priority_status
SITE0053,0.645,0.82,0.17499999999999993,0.6275,0.82,4,2,2,Critical,0.06100000000000017,Deteriorating,Critical
SITE0177,0.82,0.795,-0.02499999999999991,0.77,0.845,4,2,2,High,-0.03000000000000011,Improving,Critical
SITE0030,0.755,0.705,-0.050000000000000044,0.735,0.755,4,2,2,High,-0.013000000000000133,Stable,Critical
SITE0069,0.67,0.57,-0.10000000000000009,0.59375,0.67,4,2,2,Critical,-0.023500000000000104,Stable,Critical
SITE0144,0.545,0.965,0.41999999999999993,0.7112499999999999,0.965,4,1,1,High,0.12650000000000022,Deteriorating,High
SITE0231,0.92,0.915,-0.0050000000000000044,0.8175,0.92,4,1,1,High,0.024000000000000146,Stable,High
SITE0226,0.77,0.915,0.14500000000000002,0.84375,0.95,4,0,0,High,0.02249999999999995,Stable,High
SITE0131,0.805,0.9,0.09499999999999997,0.81125,0.9,4,0,0,High,0.03349999999999999,Deteriorating,High
SITE0207,0.855,0.895,0.040000000000000036,0.885,0.92,4,0,0,High,0.006999999999999974,Stable,High
SITE0094,0.605,0.885,0.28,0.73,0.885,4,0,0,High,0.07700000000000011,Deteriorating,High
SITE0121,0.34,0.87,0.53,0.59375,0.87,3,0,0,High,0.14350000000000013,Deteriorating,High
SITE0217,0.775,0.865,0.08999999999999997,0.49125,0.865,2,0,0,High,0.02050000000000036,Stable,High
SITE0203,0.68,0.865,0.18499999999999994,0.64625,0.865,3,0,0,High,0.017500000000000026,Stable,High
SITE0190,0.335,0.855,0.52,0.68125,0.855,3,1,1,Critical,0.1705000000000002,Deteriorating,High
SITE0201,0.72,0.85,0.13,0.7875,0.85,4,0,0,High,0.02799999999999999,Stable,High
SITE0068,0.84,0.85,0.010000000000000009,0.76875,0.85,4,1,1,High,-0.010499999999999999,Stable,High
SITE0165,0.81,0.845,0.03499999999999992,0.7337499999999999,0.845,4,1,1,Critical,-0.007500000000000058,Stable,High
SITE0057,0.855,0.84,-0.015000000000000013,0.7637499999999999,0.855,4,1,1,High,0.027500000000000135,Stable,High
SITE0171,0.725,0.835,0.10999999999999999,0.6074999999999999,0.835,3,0,0,High,-0.020000000000000063,Stable,High
SITE0175,0.535,0.83,0.29499999999999993,0.7575000000000001,0.84,4,1,1,Critical,0.08699999999999992,Deteriorating,High
SITE0072,0.54,0.82,0.2799999999999999,0.48124999999999996,0.82,2,1,1,Critical,0.0695000000000002,Deteriorating,High
SITE0040,0.67,0.8,0.13,0.6375,0.8,3,0,0,High,0.07600000000000026,Deteriorating,High
SITE0019,0.31,0.795,0.48500000000000004,0.57125,0.795,3,0,0,High,0.15350000000000022,Deteriorating,High
SITE0216,0.72,0.795,0.07500000000000007,0.6950000000000001,0.795,4,1,1,Critical,0.05200000000000018,Deteriorating,High
SITE0055,0.765,0.795,0.030000000000000027,0.69625,0.795,4,0,0,High,0.011500000000000087,Stable,High
SITE0244,0.87,0.795,-0.07499999999999996,0.7075,0.87,4,0,0,High,-0.033,Improving,High
SITE0248,0.76,0.785,0.025000000000000022,0.8025,0.875,4,1,1,High,0.015999999999999934,Stable,High
SITE0229,0.855,0.78,-0.07499999999999996,0.80375,0.87,4,1,1,High,-0.0065000000000000205,Stable,High
SITE0182,0.85,0.78,-0.06999999999999995,0.82375,0.85,4,0,0,High,-0.018500000000000086,Stable,High
SITE0101,0.085,0.775,0.6900000000000001,0.57,0.775,3,0,0,High,0.19600000000000012,Deteriorating,High
SITE0027,0.28,0.775,0.495,0.41500000000000004,0.775,2,0,0,High,0.1190000000000002,Deteriorating,High
SITE0022,0.58,0.765,0.18500000000000005,0.61875,0.765,3,0,0,High,0.09050000000000025,Deteriorating,High
SITE0221,0.67,0.755,0.08499999999999996,0.66125,0.755,4,1,1,Critical,0.040500000000000085,Deteriorating,High
SITE0224,0.315,0.75,0.435,0.52625,0.75,3,0,0,High,0.11750000000000015,Deteriorating,High
SITE0100,0.795,0.75,-0.04500000000000004,0.7975000000000001,0.905,4,0,0,High,0.0029999999999999433,Stable,High
SITE0104,0.545,0.74,0.19499999999999995,0.5525,0.75,3,0,0,High,0.0009999999999999757,Stable,High
SITE0122,0.41,0.735,0.325,0.41874999999999996,0.735,2,0,0,High,0.10750000000000033,Deteriorating,High
SITE0235,0.875,0.735,-0.14,0.7937500000000001,0.89,4,0,0,High,-0.06350000000000021,Improving,High
SITE0095,0.73,0.73,0.0,0.5862499999999999,0.73,4,0,0,High,0.007500000000000148,Stable,High
SITE0117,0.69,0.72,0.030000000000000027,0.655,0.72,4,0,0,High,0.015000000000000024,Stable,High
SITE0126,0.62,0.71,0.08999999999999997,0.72625,0.85,4,0,0,High,0.03949999999999997,Deteriorating,High
SITE0013,0.595,0.71,0.11499999999999999,0.4875,0.71,2,0,0,High,0.02800000000000013,Stable,High
SITE0070,0.5,0.705,0.20499999999999996,0.48624999999999996,0.705,3,0,0,High,0.10150000000000031,Deteriorating,High
SITE0107,0.84,0.705,-0.135,0.48375,0.84,2,1,1,High,-0.05049999999999986,Improving,High
SITE0090,0.23,0.695,0.46499999999999997,0.48124999999999996,0.695,3,0,0,High,0.14450000000000018,Deteriorating,High
SITE0098,0.59,0.695,0.10499999999999998,0.6224999999999999,0.75,4,0,0,High,0.061000000000000124,Deteriorating,High
SITE0246,0.62,0.695,0.07499999999999996,0.59625,0.695,3,0,0,High,0.054500000000000125,Deteriorating,High
SITE0213,0.78,0.69,-0.09000000000000008,0.7425,0.85,4,0,0,High,-0.00700000000000005,Stable,High
SITE0042,0.765,0.69,-0.07500000000000007,0.5237499999999999,0.765,3,1,1,Critical,-0.043499999999999976,Improving,High
SITE0026,0.385,0.685,0.30000000000000004,0.55125,0.82,2,0,0,High,0.14050000000000026,Deteriorating,High
SITE0058,0.665,0.685,0.020000000000000018,0.5975,0.685,3,0,0,High,0.03900000000000018,Deteriorating,High
SITE0010,0.315,0.68,0.36500000000000005,0.49375,0.68,2,0,0,High,0.13550000000000026,Deteriorating,High
SITE0060,0.805,0.68,-0.125,0.6475,0.805,4,0,0,High,-0.03300000000000005,Improving,High
SITE0191,0.845,0.67,-0.17499999999999993,0.79125,0.85,4,0,0,High,-0.047500000000000146,Improving,High
SITE0238,0.83,0.66,-0.16999999999999993,0.66125,0.83,3,1,1,High,-0.008499999999999888,Stable,High
SITE0192,0.545,0.655,0.10999999999999999,0.55,0.655,4,0,0,High,0.04100000000000007,Deteriorating,High
SITE0035,0.355,0.64,0.28500000000000003,0.49124999999999996,0.64,3,1,1,High,0.07450000000000008,Deteriorating,High
SITE0236,0.68,0.64,-0.040000000000000036,0.5825,0.68,4,1,1,High,-0.031000000000000087,Improving,High
SITE0028,0.875,0.64,-0.235,0.6900000000000001,0.875,4,1,1,High,-0.03399999999999998,Improving,High
SITE0007,0.86,0.635,-0.22499999999999998,0.8,0.925,4,1,1,Critical,-0.05300000000000014,Improving,High
SITE0087,0.825,0.635,-0.18999999999999995,0.66875,0.825,4,0,0,High,-0.09250000000000022,Improving,High
SITE0045,0.935,0.63,-0.30500000000000005,0.6962499999999999,0.935,4,0,0,High,-0.04949999999999996,Improving,High
SITE0077,0.445,0.62,0.175,0.6375,0.795,4,0,0,High,0.04199999999999993,Deteriorating,High
SITE0059,0.57,0.62,0.050000000000000044,0.69125,0.885,4,0,0,High,-0.0045000000000002035,Stable,High
SITE0025,0.81,0.62,-0.19000000000000006,0.72875,0.845,4,1,1,High,-0.036500000000000164,Improving,High
SITE0184,0.725,0.605,-0.12,0.69125,0.755,4,0,0,High,-0.02850000000000014,Stable,High
SITE0204,0.715,0.575,-0.14,0.625,0.715,4,0,0,High,-0.028000000000000035,Stable,High
SITE0018,0.41,0.57,0.15999999999999998,0.49,0.59,3,0,0,High,0.0680000000000001,Deteriorating,High
SITE0206,0.495,0.57,0.07499999999999996,0.6224999999999999,0.91,4,0,0,High,-0.01700000000000027,Stable,High
SITE0003,0.875,0.57,-0.30500000000000005,0.5875,0.875,4,0,0,High,-0.08800000000000008,Improving,High
SITE0093,0.405,0.55,0.14500000000000002,0.3925,0.55,3,0,0,High,0.06700000000000018,Deteriorating,High
SITE0178,0.27,0.545,0.275,0.49250000000000005,0.79,2,0,0,High,0.12500000000000017,Deteriorating,High
SITE0133,0.085,0.545,0.46,0.44375,0.745,3,0,0,High,0.10349999999999995,Deteriorating,High
SITE0112,0.5,0.54,0.040000000000000036,0.65375,0.79,4,0,0,High,0.012499999999999827,Stable,High
SITE0128,0.085,0.525,0.44,0.38625,0.57,2,0,0,High,0.15250000000000016,Deteriorating,High
SITE0176,0.38,0.525,0.14500000000000002,0.5924999999999999,0.82,3,0,0,High,0.06099999999999998,Deteriorating,High
SITE0249,0.445,0.525,0.08000000000000002,0.4225,0.525,3,1,1,High,0.015000000000000045,Stable,High
SITE0233,0.395,0.505,0.10999999999999999,0.5525,0.875,3,0,0,High,0.077,Deteriorating,High
SITE0137,0.63,0.505,-0.125,0.59875,0.825,4,0,0,High,-0.0765000000000003,Improving,High
SITE0140,0.56,0.465,-0.09500000000000003,0.32375,0.56,2,1,1,High,-0.03949999999999991,Improving,High
SITE0157,0.675,0.465,-0.21000000000000002,0.5775,0.675,4,0,0,High,-0.04800000000000013,Improving,High
SITE0083,0.145,0.46,0.31500000000000006,0.49124999999999996,0.71,3,1,1,High,0.0884999999999999,Deteriorating,High
SITE0096,0.375,0.455,0.08000000000000002,0.47625,0.71,2,0,0,High,0.058500000000000024,Deteriorating,High
SITE0062,0.59,0.435,-0.15499999999999997,0.49124999999999996,0.59,4,1,1,Critical,-0.05650000000000012,Improving,High
SITE0200,0.13,0.425,0.295,0.3575,0.515,2,0,0,High,0.07299999999999997,Deteriorating,High
SITE0005,0.44,0.425,-0.015000000000000013,0.49625,0.66,4,0,0,High,-0.024500000000000185,Stable,High
SITE0161,0.83,0.42,-0.41,0.7262500000000001,0.905,4,0,0,High,-0.10750000000000032,Improving,High
SITE0049,0.17,0.415,0.24499999999999997,0.34375,0.465,2,0,0,High,0.0595,Deteriorating,High
SITE0047,0.46,0.415,-0.04500000000000004,0.53875,0.645,4,0,0,High,-0.014500000000000181,Stable,High
SITE0179,0.485,0.36,-0.125,0.505,0.83,2,0,0,Low,-0.0860000000000004,Improving,High
SITE0102,0.795,0.355,-0.44000000000000006,0.48125,0.795,2,0,0,Low,-0.12350000000000018,Improving,High
SITE0116,0.635,0.35,-0.28500000000000003,0.45000000000000007,0.635,2,0,0,Low,-0.059000000000000025,Improving,High
SITE0067,0.51,0.34,-0.16999999999999998,0.37625000000000003,0.51,2,0,0,Low,-0.0335,Improving,High
SITE0099,0.145,0.32,0.17500000000000002,0.47750000000000004,0.79,2,1,1,Low,0.03899999999999972,Deteriorating,High
SITE0097,0.37,0.255,-0.11499999999999999,0.4774999999999999,0.695,2,0,0,Low,-0.024000000000000275,Stable,High
SITE0174,0.34,0.255,-0.08500000000000002,0.4175,0.63,2,0,0,Low,-0.044000000000000296,Improving,High
SITE0170,0.53,0.24,-0.29000000000000004,0.43124999999999997,0.705,2,0,0,Low,-0.13250000000000037,Improving,High
SITE0162,0.715,0.205,-0.51,0.51375,0.755,2,0,0,Low,-0.11550000000000017,Improving,High
SITE0050,0.745,0.155,-0.59,0.49624999999999997,0.78,2,1,1,Low,-0.22450000000000048,Improving,High
SITE0227,0.585,0.115,-0.47,0.44375,0.645,3,1,1,Low,-0.11950000000000033,Improving,High
SITE0091,0.185,0.595,0.41,0.27249999999999996,0.595,1,0,0,High,0.13900000000000037,Deteriorating,Low
SITE0247,0.1,0.56,0.4600000000000001,0.27375000000000005,0.56,1,1,0,High,0.16050000000000036,Deteriorating,Low
SITE0163,0.13,0.5,0.37,0.27,0.5,1,0,0,High,0.13100000000000028,Deteriorating,Low
SITE0219,0.225,0.44,0.215,0.2675,0.44,1,0,0,High,0.059000000000000156,Deteriorating,Low
SITE0079,0.205,0.435,0.23,0.28500000000000003,0.435,1,1,0,High,0.08100000000000016,Deteriorating,Low
SITE0113,0.29,0.42,0.13,0.30124999999999996,0.42,1,0,0,High,0.03950000000000008,Deteriorating,Low
SITE0009,0.14,0.405,0.265,0.3075,0.405,1,0,0,High,0.06900000000000003,Deteriorating,Low
SITE0136,0.135,0.39,0.255,0.25125,0.39,0,0,0,Low,0.07950000000000013,Deteriorating,Low
SITE0149,0.295,0.39,0.09500000000000003,0.28874999999999995,0.39,0,0,0,Low,0.03850000000000013,Deteriorating,Low
SITE0210,0.065,0.385,0.32,0.17625000000000002,0.385,0,0,0,Low,0.08650000000000019,Deteriorating,Low
SITE0024,0.15,0.38,0.23,0.25749999999999995,0.38,0,0,0,Low,0.06100000000000008,Deteriorating,Low
SITE0075,0.13,0.375,0.245,0.22,0.375,0,0,0,Low,0.07400000000000015,Deteriorating,Low
SITE0006,0.32,0.375,0.05499999999999999,0.30125,0.375,0,0,0,Low,0.02850000000000009,Stable,Low
SITE0029,0.265,0.375,0.10999999999999999,0.28,0.375,0,0,0,Low,0.02800000000000006,Stable,Low
SITE0063,0.28,0.37,0.08999999999999997,0.34125,0.37,0,1,0,Medium,0.027499999999999997,Stable,Low
SITE0185,0.265,0.36,0.09499999999999997,0.3375,0.41,1,0,0,Low,0.038000000000000006,Deteriorating,Low
SITE0223,0.445,0.355,-0.09000000000000002,0.29374999999999996,0.445,1,1,0,Medium,-0.019499999999999948,Stable,Low
SITE0205,0.205,0.35,0.145,0.16499999999999998,0.35,0,0,0,Low,0.04300000000000019,Deteriorating,Low
SITE0088,0.205,0.35,0.145,0.29374999999999996,0.35,0,1,0,Medium,0.03849999999999999,Deteriorating,Low
SITE0008,0.275,0.345,0.06999999999999995,0.3075,0.42,1,0,0,Low,0.04400000000000009,Deteriorating,Low
SITE0169,0.265,0.33,0.065,0.19875,0.33,0,0,0,Low,0.02650000000000018,Stable,Low
SITE0110,0.43,0.33,-0.09999999999999998,0.30625,0.43,1,0,0,Low,-0.03650000000000001,Improving,Low
SITE0152,0.195,0.32,0.125,0.2425,0.32,0,0,0,Low,0.02600000000000003,Stable,Low
SITE0250,0.345,0.32,-0.024999999999999967,0.3025,0.365,0,0,0,Low,0.011000000000000088,Stable,Low
SITE0230,0.285,0.315,0.030000000000000027,0.40625,0.685,1,0,0,Low,0.04350000000000001,Deteriorating,Low
SITE0012,0.445,0.31,-0.135,0.29625,0.445,1,0,0,Low,-0.03749999999999999,Improving,Low
SITE0240,0.14,0.305,0.16499999999999998,0.14500000000000002,0.305,0,0,0,Low,0.05200000000000017,Deteriorating,Low
SITE0108,0.175,0.305,0.13,0.18624999999999997,0.305,0,0,0,Low,0.030500000000000062,Deteriorating,Low
SITE0034,0.2,0.305,0.10499999999999998,0.16875,0.305,0,0,0,Low,0.024500000000000105,Stable,Low
SITE0106,0.275,0.305,0.02999999999999997,0.20750000000000002,0.305,0,0,0,Low,0.01400000000000009,Stable,Low
SITE0189,0.34,0.305,-0.03500000000000003,0.36875,0.56,1,0,0,Low,-0.039500000000000236,Improving,Low
SITE0130,0.13,0.295,0.16499999999999998,0.18375000000000002,0.295,0,0,0,Low,0.06350000000000015,Deteriorating,Low
SITE0038,0.265,0.295,0.02999999999999997,0.22999999999999998,0.295,0,0,0,Low,0.016000000000000063,Stable,Low
SITE0089,0.325,0.295,-0.030000000000000027,0.3525,0.5,1,0,0,Low,0.011999999999999966,Stable,Low
SITE0243,0.165,0.29,0.12499999999999997,0.25875,0.355,0,0,0,Low,0.02449999999999995,Stable,Low
SITE0143,0.34,0.29,-0.050000000000000044,0.20875,0.34,0,0,0,Low,-0.023499999999999986,Stable,Low
SITE0209,0.145,0.285,0.13999999999999999,0.21125,0.285,0,1,0,Medium,0.048500000000000085,Deteriorating,Low
SITE0078,0.015,0.28,0.265,0.20125,0.28,0,1,0,Low,0.08250000000000009,Deteriorating,Low
SITE0242,0.12,0.28,0.16000000000000003,0.165,0.28,0,0,0,Low,0.05900000000000014,Deteriorating,Low
SITE0138,0.11,0.28,0.17000000000000004,0.21625,0.28,0,0,0,Low,0.046500000000000034,Deteriorating,Low
SITE0195,0.24,0.28,0.040000000000000036,0.20750000000000002,0.28,0,0,0,Low,0.004000000000000036,Stable,Low
SITE0085,0.195,0.275,0.08000000000000002,0.27249999999999996,0.465,1,1,0,Low,0.05500000000000011,Deteriorating,Low
SITE0173,0.185,0.275,0.09000000000000002,0.155,0.275,0,1,0,Medium,0.021000000000000112,Stable,Low
SITE0151,0.21,0.275,0.06500000000000003,0.265,0.32,0,0,0,Low,0.012999999999999956,Stable,Low
SITE0036,0.3,0.275,-0.024999999999999967,0.29125,0.34,0,0,0,Low,0.0015000000000000109,Stable,Low
SITE0032,0.195,0.275,0.08000000000000002,0.22,0.32,0,0,0,Low,0.0009999999999999374,Stable,Low
SITE0052,0.22,0.27,0.05000000000000002,0.24875,0.36,0,0,0,Low,0.0365000000000001,Deteriorating,Low
SITE0125,0.195,0.27,0.07500000000000001,0.22,0.27,0,1,0,Low,0.014000000000000018,Stable,Low
SITE0061,0.18,0.265,0.08500000000000002,0.2175,0.265,0,0,0,Low,0.023000000000000027,Stable,Low
SITE0222,0.505,0.265,-0.24,0.29375,0.505,1,0,0,Low,-0.0845000000000001,Improving,Low
SITE0081,0.15,0.26,0.11000000000000001,0.1975,0.26,0,0,0,Low,0.038000000000000075,Deteriorating,Low
SITE0031,0.09,0.25,0.16,0.1975,0.255,0,0,0,Low,0.05400000000000006,Deteriorating,Low
SITE0167,0.095,0.25,0.155,0.21125,0.295,0,0,0,Low,0.037499999999999985,Deteriorating,Low
SITE0056,0.18,0.25,0.07,0.23375,0.31,0,0,0,Low,0.03250000000000004,Deteriorating,Low
SITE0208,0.075,0.245,0.16999999999999998,0.23124999999999998,0.37,0,0,0,Low,0.06450000000000004,Deteriorating,Low
SITE0065,0.24,0.245,0.0050000000000000044,0.16375,0.245,0,0,0,Low,0.00150000000000008,Stable,Low
SITE0147,0.12,0.235,0.11499999999999999,0.185,0.245,0,0,0,Low,0.04500000000000008,Deteriorating,Low
SITE0066,0.115,0.235,0.11999999999999998,0.22,0.275,0,0,0,Low,0.03399999999999996,Deteriorating,Low
SITE0228,0.305,0.235,-0.07,0.28125,0.38,0,0,0,Low,-0.0035000000000000144,Stable,Low
SITE0011,0.135,0.23,0.095,0.1775,0.23,0,0,0,Low,0.039000000000000076,Deteriorating,Low
SITE0239,0.2,0.23,0.03,0.1625,0.23,0,1,0,Medium,0.0220000000000001,Stable,Low
SITE0044,0.25,0.23,-0.01999999999999999,0.26375,0.33,0,0,0,Low,0.002499999999999972,Stable,Low
SITE0141,0.27,0.23,-0.04000000000000001,0.24375,0.27,0,0,0,Low,-0.015500000000000036,Stable,Low
SITE0215,0.015,0.225,0.21000000000000002,0.155,0.265,0,0,0,Low,0.07800000000000011,Deteriorating,Low
SITE0111,0.025,0.22,0.195,0.14625,0.22,0,0,0,Low,0.06350000000000008,Deteriorating,Low
SITE0105,0.15,0.22,0.07,0.22499999999999998,0.295,0,0,0,Low,0.014999999999999939,Stable,Low
SITE0023,0.275,0.22,-0.05500000000000002,0.2425,0.315,0,0,0,Low,-0.000999999999999973,Stable,Low
SITE0218,0.095,0.215,0.12,0.165,0.215,0,1,0,Medium,0.04100000000000006,Deteriorating,Low
SITE0225,0.28,0.21,-0.07000000000000003,0.22249999999999998,0.28,0,0,0,Low,-0.025000000000000074,Stable,Low
SITE0193,0.19,0.21,0.01999999999999999,0.275,0.535,1,0,0,Low,-0.03100000000000022,Improving,Low
SITE0181,0.165,0.21,0.044999999999999984,0.255,0.57,1,0,0,Low,-0.036000000000000275,Improving,Low
SITE0188,0.335,0.21,-0.12500000000000003,0.28625,0.335,0,0,0,Low,-0.04150000000000012,Improving,Low
SITE0076,0.18,0.205,0.024999999999999994,0.16499999999999998,0.205,0,0,0,Low,0.011000000000000038,Stable,Low
SITE0202,0.175,0.205,0.03,0.2075,0.315,0,0,0,Low,-0.009000000000000091,Stable,Low
SITE0017,0.34,0.205,-0.13500000000000004,0.28625,0.34,0,0,0,Low,-0.04550000000000014,Improving,Low
SITE0214,0.11,0.2,0.09000000000000001,0.2025,0.335,0,0,0,Low,0.009999999999999898,Stable,Low
SITE0021,0.33,0.2,-0.13,0.325,0.45,1,0,0,Low,-0.0260000000000001,Stable,Low
SITE0071,0.39,0.2,-0.19,0.23125,0.39,0,0,0,Low,-0.05850000000000006,Improving,Low
SITE0194,0.11,0.195,0.085,0.21000000000000002,0.355,0,0,0,Low,0.007999999999999901,Stable,Low
SITE0073,0.3,0.195,-0.10499999999999998,0.2475,0.3,0,0,0,Low,-0.035000000000000094,Improving,Low
SITE0103,0.055,0.19,0.135,0.14,0.25,0,0,0,Low,0.059000000000000094,Deteriorating,Low
SITE0211,0.135,0.19,0.05499999999999999,0.1975,0.365,0,0,0,Low,0.04300000000000006,Deteriorating,Low
SITE0134,0.31,0.19,-0.12,0.40249999999999997,0.81,1,0,0,Low,0.01499999999999992,Stable,Low
SITE0086,0.185,0.19,0.0050000000000000044,0.15875,0.19,0,1,0,Low,-0.006500000000000009,Stable,Low
SITE0119,0.27,0.19,-0.08000000000000002,0.22125,0.295,0,0,0,Low,-0.007499999999999996,Stable,Low
SITE0015,0.205,0.19,-0.014999999999999986,0.1375,0.205,0,0,0,Low,-0.01099999999999998,Stable,Low
SITE0148,0.305,0.19,-0.11499999999999999,0.26125,0.34,0,0,0,Low,-0.02150000000000003,Stable,Low
SITE0082,0.065,0.185,0.12,0.10375000000000001,0.185,0,0,0,Low,0.03550000000000007,Deteriorating,Low
SITE0198,0.105,0.185,0.08,0.11625,0.185,0,0,0,Low,0.025500000000000064,Stable,Low
SITE0197,0.145,0.185,0.04000000000000001,0.17125,0.245,0,0,0,Low,0.02550000000000006,Stable,Low
SITE0166,0.135,0.185,0.04999999999999999,0.18125000000000002,0.24,0,0,0,Low,0.022500000000000017,Stable,Low
SITE0150,0.22,0.185,-0.035,0.235,0.28,0,0,0,Low,-0.01300000000000007,Stable,Low
SITE0168,0.08,0.18,0.09999999999999999,0.14750000000000002,0.27,0,0,0,Low,0.008999999999999916,Stable,Low
SITE0051,0.165,0.175,0.009999999999999981,0.14375,0.175,0,0,0,Low,-0.0014999999999999935,Stable,Low
SITE0212,0.1,0.17,0.07,0.20125,0.31,0,0,0,Low,0.012499999999999923,Stable,Low
SITE0002,0.285,0.17,-0.11499999999999996,0.18875,0.285,0,1,0,Low,-0.05050000000000007,Improving,Low
SITE0164,0.225,0.165,-0.06,0.2,0.225,0,0,0,Low,-0.017000000000000057,Stable,Low
SITE0153,0.13,0.165,0.035,0.27625,0.58,1,0,0,Low,-0.024500000000000265,Stable,Low
SITE0039,0.13,0.16,0.03,0.21875000000000003,0.315,0,1,0,Low,0.004499999999999908,Stable,Low
SITE0180,0.07,0.16,0.09,0.16,0.32,0,0,0,Low,0.003999999999999889,Stable,Low
SITE0183,0.255,0.16,-0.095,0.18500000000000003,0.255,0,0,0,Low,-0.009999999999999976,Stable,Low
SITE0142,0.105,0.155,0.05,0.10375000000000001,0.155,0,0,0,Low,0.008500000000000028,Stable,Low
SITE0234,0.12,0.155,0.035,0.1325,0.165,0,0,0,Low,0.0029999999999999923,Stable,Low
SITE0114,0.205,0.155,-0.04999999999999999,0.2075,0.255,0,0,0,Low,-0.019000000000000086,Stable,Low
SITE0064,0.445,0.155,-0.29000000000000004,0.29000000000000004,0.445,1,0,0,Low,-0.09700000000000017,Improving,Low
SITE0155,0.055,0.15,0.095,0.11374999999999999,0.16,0,0,0,Low,0.035500000000000045,Deteriorating,Low
SITE0146,0.135,0.15,0.014999999999999986,0.17375000000000002,0.27,0,0,0,Low,0.017500000000000005,Stable,Low
SITE0154,0.13,0.15,0.01999999999999999,0.12375,0.15,0,0,0,Low,0.005500000000000006,Stable,Low
SITE0196,0.205,0.15,-0.05499999999999999,0.17875,0.22,0,0,0,Low,-0.024500000000000067,Stable,Low
SITE0187,0.185,0.15,-0.035,0.2025,0.34,0,0,0,Low,-0.031000000000000173,Improving,Low
SITE0014,0.49,0.15,-0.33999999999999997,0.3025,0.49,1,0,0,Low,-0.10700000000000019,Improving,Low
SITE0160,0.25,0.14,-0.10999999999999999,0.225,0.31,0,0,0,Low,-0.02200000000000007,Stable,Low
SITE0080,0.035,0.135,0.1,0.1225,0.21,0,0,0,Low,0.019999999999999966,Stable,Low
SITE0199,0.13,0.13,0.0,0.1275,0.155,0,0,0,Low,0.006000000000000013,Stable,Low
SITE0123,0.105,0.13,0.02500000000000001,0.1625,0.285,0,0,0,Low,-0.008000000000000125,Stable,Low
SITE0241,0.225,0.13,-0.095,0.1575,0.225,0,0,0,Low,-0.018999999999999993,Stable,Low
SITE0124,0.325,0.13,-0.195,0.225,0.325,0,0,0,Low,-0.06100000000000015,Improving,Low
SITE0037,0.095,0.125,0.03,0.15375,0.335,0,1,0,Medium,0.03650000000000005,Deteriorating,Low
SITE0109,0.17,0.125,-0.04500000000000001,0.15250000000000002,0.19,0,0,0,Low,-0.00700000000000002,Stable,Low
SITE0043,0.075,0.12,0.045,0.10875000000000001,0.14,0,0,0,Low,0.00949999999999998,Stable,Low
SITE0172,0.275,0.12,-0.15500000000000003,0.19875,0.275,0,0,0,Low,-0.04650000000000012,Improving,Low
SITE0115,0.4,0.12,-0.28,0.1925,0.4,1,0,0,Low,-0.07900000000000008,Improving,Low
SITE0118,0.06,0.115,0.05500000000000001,0.10874999999999999,0.15,0,0,0,Low,0.020500000000000015,Stable,Low
SITE0084,0.07,0.115,0.045,0.22625,0.67,1,0,0,Low,-0.04850000000000033,Improving,Low
SITE0145,0.36,0.115,-0.245,0.285,0.41,1,0,0,Low,-0.058000000000000156,Improving,Low
SITE0245,0.17,0.115,-0.05500000000000001,0.26375000000000004,0.62,1,0,0,Low,-0.06350000000000036,Improving,Low
SITE0127,0.22,0.115,-0.105,0.32875,0.77,1,1,1,Low,-0.08750000000000052,Improving,Low
SITE0220,0.12,0.11,-0.009999999999999995,0.13,0.19,0,0,0,Low,0.005999999999999991,Stable,Low
SITE0020,0.22,0.105,-0.115,0.135,0.22,0,0,0,Low,-0.040000000000000056,Improving,Low
SITE0135,0.215,0.105,-0.11,0.17625,0.24,0,0,0,Low,-0.04250000000000011,Improving,Low
SITE0158,0.105,0.1,-0.0049999999999999906,0.1175,0.185,0,0,0,Low,0.009000000000000013,Stable,Low
SITE0001,0.145,0.1,-0.044999999999999984,0.10374999999999998,0.155,0,0,0,Low,0.0005000000000000495,Stable,Low
SITE0156,0.16,0.1,-0.06,0.13125,0.16,0,0,0,Low,-0.02350000000000007,Stable,Low
SITE0139,0.29,0.1,-0.18999999999999997,0.21375,0.29,0,0,0,Low,-0.054500000000000125,Improving,Low
SITE0054,0.355,0.1,-0.255,0.16499999999999998,0.355,0,0,0,Low,-0.09200000000000014,Improving,Low
SITE0186,0.095,0.095,0.0,0.10500000000000001,0.16,0,0,0,Low,0.009000000000000011,Stable,Low
SITE0092,0.09,0.095,0.0050000000000000044,0.07250000000000001,0.095,0,0,0,Low,0.002000000000000022,Stable,Low
SITE0129,0.17,0.09,-0.08000000000000002,0.1275,0.17,0,0,0,Low,-0.025000000000000057,Stable,Low
SITE0232,0.185,0.09,-0.095,0.20875000000000002,0.395,0,0,0,Low,-0.05150000000000023,Improving,Low
SITE0046,0.135,0.08,-0.05500000000000001,0.08625000000000001,0.135,0,0,0,Low,-0.017500000000000016,Stable,Low
SITE0132,0.18,0.08,-0.09999999999999999,0.1325,0.18,0,0,0,Low,-0.031000000000000073,Improving,Low
SITE0048,0.165,0.075,-0.09000000000000001,0.08625000000000001,0.165,0,0,0,Low,-0.02550000000000002,Stable,Low
SITE0016,0.135,0.065,-0.07,0.13,0.24,0,0,0,Low,-0.03700000000000013,Improving,Low
SITE0033,0.185,0.06,-0.125,0.1925,0.355,0,0,0,Low,-0.05600000000000023,Improving,Low
SITE0041,0.3,0.06,-0.24,0.1775,0.3,0,0,0,Low,-0.0920000000000002,Improving,Low
SITE0120,0.31,0.06,-0.25,0.29250000000000004,0.56,1,0,0,Low,-0.1070000000000004,Improving,Low
SITE0237,0.18,0.05,-0.13,0.14,0.245,0,0,0,Low,-0.023000000000000048,Stable,Low
SITE0159,0.045,0.045,0.0,0.1025,0.17,0,0,0,Low,-0.002000000000000074,Stable,Low
SITE0004,0.11,0.035,-0.075,0.06875,0.11,0,0,0,Low,-0.023500000000000038,Stable,Low
SITE0074,0.23,0.025,-0.20500000000000002,0.13625,0.235,0,0,0,Low,-0.04350000000000007,Improving,Low
