n_estimators,max_depth,min_samples_split,min_samples_leaf,class_weight,fold_1_f1,fold_2_f1,fold_3_f1,fold_4_f1,mean_validation_f1
200,None,2,1,balanced,0.6019417475728155,0.5932203389830508,0.5641025641025641,0.6324786324786325,0.5979358207842658
200,5,2,1,balanced,0.6206896551724138,0.562962962962963,0.5531914893617021,0.6153846153846154,0.5880571807204236
400,5,2,1,balanced,0.6206896551724138,0.5648854961832062,0.5492957746478874,0.6111111111111112,0.5864955092786547
200,10,2,1,balanced,0.6037735849056604,0.559322033898305,0.5666666666666667,0.6141732283464567,0.5859838784542721
200,5,2,2,balanced,0.6153846153846154,0.5714285714285714,0.5352112676056338,0.6153846153846154,0.584352267450859
400,None,2,1,balanced,0.5825242718446602,0.5882352941176471,0.5517241379310345,0.6101694915254238,0.5831632988546913
200,5,5,2,balanced,0.6153846153846154,0.5774647887323944,0.524822695035461,0.6122448979591837,0.5824792492779136
400,10,5,2,balanced,0.6126126126126126,0.5645161290322581,0.544,0.6031746031746031,0.5810758362048685
400,10,5,1,balanced,0.6037735849056604,0.5691056910569106,0.5354330708661418,0.608,0.5790780867071782
400,10,2,1,balanced,0.5769230769230769,0.5641025641025641,0.5619834710743802,0.608,0.5777522780250053
200,5,5,1,balanced,0.6153846153846154,0.5652173913043478,0.5211267605633803,0.6013986013986014,0.5757818421627362
400,None,5,2,balanced,0.6111111111111112,0.576,0.5079365079365079,0.6031746031746031,0.5745555555555556
400,5,5,1,balanced,0.6206896551724138,0.5441176470588235,0.5285714285714286,0.6013986013986014,0.5736943330503168
400,5,2,2,balanced,0.6101694915254238,0.5401459854014599,0.524822695035461,0.6153846153846154,0.5726306968367401
200,None,5,1,balanced,0.5849056603773585,0.576271186440678,0.5409836065573771,0.5873015873015873,0.5723655101692502
200,10,5,2,balanced,0.5945945945945946,0.5645161290322581,0.544,0.5846153846153846,0.5719315270605594
400,5,5,2,balanced,0.6206896551724138,0.5323741007194245,0.5285714285714286,0.6056338028169014,0.5718172468200421
200,None,5,2,balanced,0.6055045871559633,0.5555555555555556,0.5196850393700787,0.6046511627906976,0.5713490862180739
200,10,2,2,balanced,0.6055045871559633,0.5528455284552846,0.5203252032520326,0.6046511627906976,0.5708316204134944
400,None,2,2,balanced,0.5981308411214953,0.5691056910569106,0.5161290322580645,0.5984251968503937,0.5704476903217159
200,None,2,2,balanced,0.5925925925925926,0.5714285714285714,0.515625,0.6,0.569911541005291
200,10,5,1,balanced,0.6037735849056604,0.5619834710743802,0.5354330708661418,0.578125,0.5698287817115456
400,None,5,1,balanced,0.5714285714285714,0.576271186440678,0.5245901639344263,0.6016260162601627,0.5684789845159596
400,10,2,2,balanced,0.5925925925925926,0.544,0.5161290322580645,0.6141732283464567,0.5667237132992784
