threshold,precision,recall,f1_score
0.2,0.3516819571865443,0.8333333333333334,0.4946236559139785
0.25,0.4,0.8115942028985508,0.5358851674641149
0.3,0.45416666666666666,0.7898550724637681,0.5767195767195767
0.35,0.5,0.782608695652174,0.6101694915254238
0.4,0.547486033519553,0.7101449275362319,0.6182965299684543
0.45,0.5789473684210527,0.6376811594202898,0.6068965517241379
0.5,0.6229508196721312,0.5507246376811594,0.5846153846153846
0.55,0.6513761467889908,0.5144927536231884,0.5748987854251012
0.6,0.6526315789473685,0.4492753623188406,0.5321888412017167
0.65,0.6296296296296297,0.3695652173913043,0.4657534246575342
0.7,0.6323529411764706,0.3115942028985507,0.4174757281553398
